epoch,lr,train_total,train_seg,train_dice,train_ce,train_diff,train_conf,train_mri,train_w_conf,val_total,val_seg,val_dice,val_ce,val_diff,val_conf,val_mri,val_w_conf
1,9.999383162408304e-05,0.6235589678381004,0.6159995094233868,0.21334810304347462,0.26422622569051446,0.0755953919653799,0.37242362852043964,0.0,0.0,0.6060857648650805,0.6029498297307226,0.3235940490372075,0.3026509486966663,0.03135918511284722,0.09717298182658851,0.0,0.0
2,9.997532801828658e-05,0.5477750967530643,0.5456836852372862,0.2714945492640154,0.14545182771250315,0.02091830384497549,0.09099665054293606,0.0,0.0,0.504898856083552,0.5025370496842596,0.47302498616883987,0.10885657639139229,0.023615180121527777,0.012631165547969028,0.0,0.0
3,9.994449374809851e-05,0.5018315828314015,0.5003755839431987,0.28665964721652476,0.08846420081807117,0.014560893937653186,0.0029828710042541693,0.0,0.0,0.45106557624207605,0.449284324546655,0.4215155471878513,0.10575090106576682,0.017810397677951388,0.004623078783495455,0.0,0.0
4,9.990133642141359e-05,0.4634541583996193,0.46189147888445387,0.30167786367590765,0.05764474793172934,0.01562808167700674,0.15448975562072056,0.0,0.0,0.40851887241005896,0.40709378628267184,0.43535707944923724,0.08630900995598899,0.01425136990017361,0.22097793743014335,0.0,0.0
5,9.98458666866564e-05,0.4282291085696688,0.4266972047441146,0.3243095411725862,0.042575698787821276,0.015319465188419118,0.3346817570574143,0.0,0.0,0.33155596148636607,0.330671354300446,0.5625817593456662,0.04953376624422769,0.008845011393229166,0.5434086147281859,0.0,0.0
6,9.9778098230154e-05,0.40058901391777335,0.39885083971654667,0.34125880659684615,0.038617526331697315,0.01738143621706495,0.43812832814805647,0.0,0.0,0.29827303667035365,0.2955899057702886,0.5487883749764707,0.054728857363160285,0.02682952880859375,0.362897732688321,0.0,0.0
7,9.9698047772759e-05,0.3824746886012601,0.3804315741447841,0.3467513610763436,0.03712721313897739,0.020429364372702204,0.3883132907105427,0.0,0.0,0.2691040880150265,0.2673715584807926,0.5736619884600274,0.05074178857418398,0.017319573296440974,0.49768312755558225,0.0,0.0
8,9.96057350657239e-05,0.37136540322327144,0.3692772379692863,0.3558485009023285,0.03742346114972058,0.020882640165441176,0.3972803281802757,0.0,0.0,0.24468789601491558,0.24270683895382617,0.6127694158015881,0.05006371807798536,0.019810316297743054,0.4135648866494497,0.0,0.0
9,9.950118288582787e-05,0.3664189509170897,0.3645568926106481,0.3516052626906965,0.03774679148998842,0.018619073606004902,0.425458660604907,0.0,0.0,0.24574213094181485,0.24410643101566368,0.6012389641087059,0.0497318088193424,0.016358439127604166,0.45866337054305606,0.0,0.0
10,9.938441702975689e-05,0.34770180264524386,0.3459541103126956,0.3888996741273055,0.03533318518734008,0.0174774169921875,0.4700294004351485,0.0,0.0,0.22676600091573265,0.22499093752768304,0.6360453593349208,0.05514810498829724,0.017753431532118055,0.5157416236069468,0.0,0.0
11,9.925546630773869e-05,0.3482105743797386,0.34619274893227747,0.3747062093144663,0.03595442039750553,0.020179120232077206,0.5114524493030473,0.0,0.0,0.2466338949277997,0.24458071889562738,0.5971009052891192,0.058974962332932694,0.020531548394097224,0.3885415034161674,0.0,0.0
12,9.911436253643444e-05,0.3464530636720798,0.3447063062997425,0.3754161442142161,0.04047002871201246,0.017470415900735295,0.45556992584583805,0.0,0.0,0.22994698975235223,0.22777167966382372,0.6218110732351095,0.05962818674225774,0.021754964192708334,0.5840654833449258,0.0,0.0
13,9.896114053108829e-05,0.3387666051951694,0.3369281380419053,0.3967892215182993,0.03667716479942422,0.018383430032169117,0.5273361135347217,0.0,0.0,0.21917769399782022,0.2176879276211063,0.6357642374941158,0.05689771305899032,0.014896138509114584,0.6203573149111535,0.0,0.0
14,9.879583809693738e-05,0.33188190165834097,0.33004197592974877,0.404613262850432,0.03810899684128041,0.018402877508425244,0.5678916764025594,0.0,0.0,0.19891362111601565,0.1965762077520291,0.6745424381970533,0.04589392387165895,0.023368665907118055,0.5518339696029823,0.0,0.0
15,9.861849601988384e-05,0.3322111101930632,0.330261575510981,0.3975866023492819,0.03784104317972236,0.019494210037530636,0.5502701054601108,0.0,0.0,0.21388566082136498,0.21060332571052842,0.6492389780483049,0.053208588731164734,0.03281995985243055,0.5317373159858916,0.0,0.0
16,9.842915805643157e-05,0.3340371047749239,0.3320135649512796,0.39675021697926866,0.03761078094830737,0.020235368317248776,0.5672139332574957,0.0,0.0,0.20103964399960306,0.19816518490099244,0.6721053502939675,0.05164372688676748,0.028737725151909723,0.6142810897694694,0.0,0.0
17,9.822787092288992e-05,0.3402559752338657,0.33843796546114424,0.3942053665438159,0.03826292147791451,0.01818111644071691,0.568891063858481,0.0,0.0,0.20745448174162043,0.20573848250011603,0.6553741258923972,0.05490353393122657,0.01715783013237847,0.5884536902109782,0.0,0.0
18,9.801468428384718e-05,0.32906741723418237,0.32729712095038566,0.40244464669876473,0.03668134054214712,0.01770318723192402,0.5288440502157399,0.0,0.0,0.2044489210471511,0.20114096394843525,0.6621562109158955,0.05263485905921294,0.03307902018229167,0.5740961415900124,0.0,0.0
19,9.778965073991652e-05,0.3341471540358137,0.33237922886276944,0.4037108526021941,0.038327656028559434,0.017679251876531864,0.5483837510440864,0.0,0.0,0.20282648679696852,0.20090724904504087,0.664206048125388,0.05221152001565012,0.01918792724609375,0.5630530702157153,0.0,0.0
20,9.75528258147577e-05,0.3276526204365141,0.32593163098482525,0.4152810142594736,0.03712437744252384,0.017209520526960783,0.5419360500340368,0.0,0.0,0.2401299986574385,0.23806855744785732,0.5955023438268755,0.060187809918877774,0.020609368218315972,0.5243514168593618,0.0,0.0
21,9.730426794137729e-05,0.33012540014643293,0.3278280826833318,0.4018962473690328,0.03594987789378958,0.014488489487591912,0.5089136066974378,0.0,0.0016666666666666787,0.18304494886348646,0.1804054563658105,0.7015659624537085,0.0478843466249398,0.017617119683159724,0.5266804988599486,0.0,0.0016666666666666672
22,9.70440384477113e-05,0.3170619503905376,0.3140056422893323,0.4362397929395114,0.03782549208154509,0.016504384957107845,0.42179647006240545,0.0,0.0033333333333333574,0.19802788388397957,0.19467497202050354,0.677246213912863,0.05706350864363938,0.01993679470486111,0.4081744564283225,0.0,0.0032592592592592612
23,9.67722015414934e-05,0.3140670380609877,0.310846095831663,0.4339350187597566,0.03179682768657621,0.015486773322610295,0.33444857363607366,0.0,0.004999999999999937,0.2267948153739174,0.22339187719755702,0.6238142689082096,0.060563095004504755,0.014189317491319445,0.397125297686499,0.0,0.004888888888888892
24,9.64888242944126e-05,0.3238256865126245,0.32032013992030245,0.4159050357260727,0.0334509745668209,0.01597768746170343,0.2861870805422465,0.0,0.006666666666666715,0.2238736630520887,0.2192474321151773,0.631350312826948,0.05507478090908585,0.02401801215277778,0.3349005807967236,0.0,0.006333333333333339
25,9.619397662556436e-05,0.31939856319450866,0.31575911509640076,0.427459735481348,0.03341344587205836,0.014398492551317402,0.26396300281379736,0.0,0.008333333333333335,0.2265642032855087,0.22304088618192408,0.6248838825607458,0.05992536740830272,0.014479573567708333,0.24994888307733668,0.0,0.007870370370370356
26,9.588773128419907e-05,0.3188763854769515,0.3151383955469903,0.4272700760177381,0.03386245886158933,0.015370926202512255,0.22011078309779072,0.0,0.009999999999999874,0.18200620690153704,0.17732896779974303,0.7068453358190729,0.04481995714789567,0.017052714029947916,0.2979416839700813,0.0,0.009666666666666674
27,9.557016383177228e-05,0.3180865064482479,0.31415345948554724,0.4351405467098737,0.03468326985374933,0.01627059637331495,0.1976541932014858,0.0,0.011666666666666709,0.19679654969109428,0.1917285383782453,0.68211140129459,0.05593143623555079,0.0225189208984375,0.2424446019111201,0.0,0.011083333333333365
28,9.524135262330099e-05,0.31659440122106497,0.3127016390363375,0.4360690409536771,0.038057635273834614,0.01674661075367647,0.16635209536727738,0.0,0.01333333333333343,0.18306236871414713,0.1781898759201997,0.7055155082998824,0.04707850566289077,0.018728807237413193,0.22761855326179,0.0,0.012222222222222238
29,9.49013787880308e-05,0.31217647798213305,0.3086144353463954,0.43748808571065445,0.03152063502473574,0.014273789349724265,0.14232278723342745,0.0,0.014999999999999868,0.2038370365690854,0.19845192794584565,0.6739234954459729,0.062417225648985344,0.019785393608940972,0.22820031790890627,0.0,0.014416666666666663
30,9.455032620941841e-05,0.31199561818411536,0.3079094211552657,0.44331962929591867,0.03479906765575174,0.015475224513633578,0.1523353056215188,0.0,0.01666666666666667,0.18568383792622223,0.18122078242401282,0.699405676193132,0.05229696838844878,0.017865837944878473,0.16197259783641332,0.0,0.01574074074074071
31,9.418828150443471e-05,0.3163691866047242,0.31296648871810995,0.43552598436607065,0.031060116508759915,0.012415209003523284,0.1178787884685923,0.0,0.01833333333333336,0.19695323777074616,0.19401390856752793,0.6778585492132004,0.05499680008021338,0.014818657769097222,0.08467666833756893,0.0,0.014972222222222253
32,9.381533400219321e-05,0.3108273248608206,0.3073661868040468,0.44628666996965655,0.032326926674232155,0.01668563543581495,0.09044434828501122,0.0,0.019647058823529167,0.1936016305660208,0.19004792677652504,0.6900269890721473,0.05784554039516176,0.01928015814887153,0.08613542801295908,0.0,0.015444444444444455
33,9.343157572190959e-05,0.316245901372795,0.313229236620314,0.4315788328882686,0.03393516986692631,0.014896826650582107,0.07443653057311095,0.0,0.019669934640522763,0.17687368288429248,0.17377526237525873,0.7165491632560875,0.05477029086323455,0.020467461480034723,0.05983146881141389,0.0,0.015287037037037026
34,9.303710135019721e-05,0.3082045983084861,0.3050962175005207,0.4457239779174455,0.03235305007913791,0.013773390826056985,0.07751412281364786,0.0,0.021457516339869358,0.17938903680899076,0.17688256089265147,0.7106553901277229,0.053285003853832474,0.019879319932725695,0.04453622067700659,0.0,0.007907407407407415
35,9.263200821770464e-05,0.3215569430049144,0.3189640112294286,0.41861098004985586,0.037297673480826035,0.013294474283854166,0.061171044449449756,0.0,0.018431372549019737,0.18631036798987125,0.184344741784864,0.6973244556557907,0.05182818028002253,0.012390984429253472,0.04825437685989426,0.0,0.01055555555555554
36,9.221639627510079e-05,0.3136243801563978,0.31064656829717113,0.43256278014315525,0.03294124993376945,0.017618216720281864,0.05884811149216166,0.0,0.0180392156862745,0.17969745334444776,0.17671531446071134,0.7049952730779567,0.048286547593953504,0.022843254937065974,0.046949824310932954,0.0,0.010370370370370356
37,9.179036806841354e-05,0.3051738505123877,0.30236706643858374,0.4584526387331379,0.033617215801381925,0.015494911343443628,0.058242369333610815,0.0,0.019000000000000097,0.17827725915445222,0.17524307565763592,0.708508008463247,0.04867641151197151,0.02091708713107639,0.050649480890974194,0.0,0.013379629629629627
38,9.135402871372811e-05,0.31167378772561455,0.30914308215473213,0.43893499159481203,0.03428146330610188,0.014568972120098039,0.053140335106382185,0.0,0.017235294117647067,0.17238450871987476,0.16985304972363843,0.7176946050763575,0.046291023563955806,0.020266045464409722,0.04285968081870427,0.0,0.008166666666666673
39,9.09074858712512e-05,0.30009502718115555,0.2979250416890079,0.46673526274919624,0.03092775473464737,0.012820673923866422,0.04981614703166427,0.0,0.01446732026143784,0.1683382153718008,0.16666038177079626,0.7240382821656818,0.04892056191585854,0.013324483235677084,0.03572205945836483,0.0,0.005629629629629627
40,9.04508497187474e-05,0.30990649742238663,0.30758502075777333,0.4455670060835542,0.03156209571762684,0.01454018985523897,0.048376495031384276,0.0,0.014575163398692777,0.19177386379904218,0.18929140264582303,0.6871062017252876,0.05158650479344134,0.013682725694444444,0.04992826079897997,0.0,0.016666666666666663
41,8.998423292435457e-05,0.3039590324476069,0.30175897541875935,0.4505856846467519,0.0339546158796093,0.013131294998468138,0.04884578751071411,0.0,0.01413725490196082,0.1693777595129278,0.1672431000094447,0.724145415549477,0.04852991315613811,0.010992940266927083,0.05002955915291491,0.0,0.01361111111111111
42,8.950775061878454e-05,0.30883647454719915,0.30683325063072,0.4403410673707388,0.03444053071206344,0.01222686767578125,0.046928145667063256,0.0,0.012653594771241875,0.17233704302666916,0.17020390482826364,0.7209787878137961,0.05208013940654281,0.016366068522135416,0.038720157055649906,0.0,0.0077407407407407355
43,8.902152036691652e-05,0.3069473131541528,0.30465985260465567,0.44829797669468535,0.030251696948578363,0.013553634344362745,0.04854166992008686,0.0,0.015333333333333312,0.1741373734238247,0.1718557031514744,0.7175697550927759,0.04883134089694876,0.019192165798611112,0.03460862867816306,0.0,0.006388888888888889
44,8.85256621387895e-05,0.30029598879901803,0.29835928445499316,0.45856153039817993,0.0328168341678832,0.014410101198682598,0.04246852869971418,0.0,0.008392156862745104,0.1710841094350649,0.1688682469435864,0.7222381194664338,0.049261018560112765,0.019694858127170138,0.033621189986459084,0.0,0.004222222222222224
45,8.80202982800016e-05,0.3004078811436307,0.2981693431296769,0.4620592326084907,0.03377109786655923,0.014634914024203432,0.04612940716027629,0.0,0.013480392156862774,0.18297671541157695,0.18005775658206807,0.7001703795082894,0.05050497755615248,0.0193572998046875,0.045361552809158136,0.0,0.01550925925925925
46,8.750555348152302e-05,0.29701224648046726,0.2950625169949204,0.46551294865845977,0.03252204827391931,0.015674845377604166,0.04165870238314657,0.0,0.0068823529411764835,0.17895465462158125,0.17632443811744453,0.7067808398379904,0.050261487502656466,0.021798536512586807,0.03779217643766768,0.0,0.006740740740740743
47,8.698155474893052e-05,0.30655568468512273,0.3048306458136615,0.4483139730276853,0.030517064340357832,0.015094353170955883,0.03738752346047584,0.0,0.0037941176470588215,0.16922274097386333,0.16710287902711166,0.7251219871558056,0.0516686678728244,0.015901014539930557,0.03724130056410407,0.0,0.008749999999999997
48,8.644843137107061e-05,0.29868890068986836,0.29699281968322455,0.4591267061451099,0.028088521537788704,0.014974377202052696,0.03865020908780542,0.0,0.0034771241830065342,0.18185671700371636,0.18048970831765068,0.7049302500504678,0.06002856411473153,0.013539801703559028,0.024530122605048946,0.0,0.00025925925925925926
49,8.590631488815948e-05,0.2996979300151853,0.29806658844737444,0.45945800300682144,0.03451493264851617,0.01513671875,0.03601544054188565,0.0,0.002084967320261438,0.17855336297717359,0.17691717243029012,0.7087188744607071,0.05285748438974325,0.015270487467447916,0.03149888273716594,0.0,0.00187962962962963
50,8.53553390593274e-05,0.3006367217749357,0.2991965578832463,0.45822141582796094,0.03089053110589328,0.011772425034466912,0.03819917997564463,0.0,0.004705882352941175,0.17919648511128294,0.17745335296624237,0.7123234198477667,0.061456556688062845,0.01331846449110243,0.0349137713201344,0.0,0.006111111111111113
51,8.479563982961574e-05,0.3015453030446581,0.30001383780264385,0.4679650852345974,0.033312627937537434,0.012627036898743872,0.038354125998768154,0.0,0.004705882352941175,0.18944842894044187,0.18667650206221476,0.6934788027626991,0.05438437384566189,0.021821763780381944,0.036055093037389775,0.0,0.009166666666666672
52,8.422735529643446e-05,0.3036563834285035,0.30174637355056466,0.45605237321099806,0.031847437222128135,0.014977548636642158,0.03962702126260482,0.0,0.006862745098039207,0.1650112003294958,0.16242860899203354,0.7316341332502105,0.04628659179563531,0.02274966769748264,0.034571662835595714,0.0,0.005555555555555557
53,8.365062567548869e-05,0.2871256730427929,0.28522049708693636,0.48795586781337263,0.028866325177745344,0.014317112342984068,0.040222814533056,0.0,0.008137254901960772,0.16433896655216812,0.1617512370252775,0.7347337739752567,0.04961347261107423,0.021337381998697915,0.03763609703035197,0.0,0.007777777777777781
54,8.306559326618262e-05,0.29189517795309133,0.2898004788467113,0.470776640107341,0.03046402314508918,0.014771285711550244,0.041719676986994116,0.0,0.010392156862745076,0.17145552233689362,0.16738494285899733,0.7220982566061948,0.048367071242278646,0.018605211046006945,0.058468590459475916,0.0,0.030555555555555492
55,8.24724024165092e-05,0.30376397682463424,0.30206175947598385,0.4475432031334964,0.03181621183495165,0.013393147786458334,0.03906387082282819,0.0,0.006078431372549014,0.17189529553676644,0.1701704087253246,0.7171488819841829,0.05001337178142017,0.01405487060546875,0.02993435496205671,0.0,0.004444444444444445
56,8.187119948743451e-05,0.29276937206147935,0.2911831784409051,0.46829130767378546,0.03126805207635591,0.012829170975030637,0.0364244655030323,0.0,0.005294117647058821,0.16010034506519635,0.15851496650526922,0.7391777898516415,0.04876074447367702,0.011839633517795139,0.03285382787903978,0.0,0.006944444444444447
57,8.126213281678529e-05,0.3011374706731123,0.29967814903048906,0.4603127492241715,0.03004607755434585,0.012677600337009804,0.0360159545123358,0.0,0.0034313725490196095,0.16291057508852747,0.1608728952291939,0.7336920942111788,0.0450878377570512,0.017564561631944444,0.027447129801536598,0.0,0.003888888888888889
58,8.064535268264886e-05,0.2941963650213153,0.29236861416230014,0.46907986060643575,0.03065774535038965,0.014778885186887254,0.03928701458681448,0.0,0.006078431372549014,0.16564226076006888,0.16301617506477567,0.7315113063013914,0.05013536678355498,0.018770345052083335,0.04110151667199615,0.0,0.011388888888888893
59,8.002101126629424e-05,0.29696802359585667,0.2953930760788567,0.4704407121997509,0.030901692717623733,0.012919287588082107,0.04047551581307369,0.0,0.005196078431372546,0.16898830286744568,0.1659362121588654,0.7260954103401411,0.048899524541209556,0.025745985243055554,0.036985284281480645,0.0,0.008055555555555559
60,7.93892626146237e-05,0.29542453237900546,0.2939852197453672,0.47391726257359956,0.030788464105510272,0.012731155694699755,0.037635677830115254,0.0,0.0029411764705882366,0.17469312254753377,0.17319618566996522,0.7127697245439625,0.052839273939348966,0.013116115993923611,0.03113389092108226,0.0,0.003333333333333333
61,7.875026260216396e-05,0.29469032721484406,0.29303891066388754,0.4733721357101029,0.032460679140557676,0.013011917413449755,0.03918402592341105,0.0,0.006176470588235288,0.18261899935702483,0.17996390003504026,0.7037800682605141,0.04829409630943297,0.01795077853732639,0.04126621178283108,0.0,0.01333333333333333
62,7.810416889260657e-05,0.2957698411143878,0.29376326358931903,0.47069230390619726,0.031081528488293236,0.01420581294041054,0.04155166977833884,0.0,0.009509803921568609,0.16213161814957858,0.16029075479341878,0.7335018385615614,0.04708507266542357,0.013479783799913195,0.037032843758869505,0.0,0.007500000000000003
63,7.745114089990662e-05,0.2904859978413465,0.28898122767169104,0.476919336798536,0.02742240248338146,0.01384265376072304,0.034510935978123956,0.0,0.0020588235294117653,0.16626391544317207,0.16438112135769592,0.7275263327277369,0.04775710049757941,0.018069966634114584,0.027820836850959395,0.0,0.001388888888888889
64,7.679133974894986e-05,0.2938978462973062,0.29241610553626923,0.4794662592305386,0.03268353504050431,0.01435379327512255,0.034058966657475515,0.0,0.0008823529411764705,0.16950851714031565,0.167622589899434,0.7226106888020347,0.047919363188298626,0.0169677734375,0.033299227299479144,0.0,0.003333333333333333
65,7.612492823579748e-05,0.28795136577796704,0.28649143509420694,0.4744511023937024,0.02708631019278055,0.013418100394454657,0.03518772702481525,0.0,0.00215686274509804,0.16085485734252467,0.1587339494894776,0.7368398543007465,0.045123838983838344,0.021047804090711806,0.026054568138594428,0.0,0.0002777777777777778
66,7.54520707875186e-05,0.2873396152740016,0.2859186999791977,0.4781686235073509,0.03181990125860252,0.013263178806678922,0.03282855212798014,0.0,0.001666666666666667,0.1579494923663636,0.1558835281059146,0.7403224467033656,0.04080175352218147,0.01959804958767361,0.025191575043006904,0.0,0.0016666666666666666
67,7.477293342162041e-05,0.2869563756912362,0.28567796752733343,0.48566636156161985,0.028085783415785864,0.012352199180453431,0.03131091921389395,0.0,0.000784313725490196,0.1654309068702989,0.16229483215138316,0.7343654786479458,0.048254111292771996,0.028775533040364582,0.02848820728379198,0.0,0.0041666666666666675
68,7.408768370508579e-05,0.2877666810783101,0.2864266984895164,0.48495950019479245,0.0297595195896814,0.012729958926930147,0.0324578005199631,0.0,0.0010784313725490195,0.16820320102075736,0.1660284805422028,0.7260240609447162,0.046325928333034325,0.0183685302734375,0.03388697360352416,0.0,0.005555555555555557
69,7.339649071302871e-05,0.28741455484254685,0.28609364498041423,0.4819336422923024,0.0269154612248873,0.011788581399356618,0.035005885561672494,0.0,0.002352941176470589,0.155431540734652,0.154084787507438,0.7433813799194392,0.043497750386854425,0.013174692789713541,0.03136688052262697,0.0,0.0005555555555555556
70,7.269952498697738e-05,0.2958554381687267,0.29444279176201305,0.47200680627811015,0.02848755001517323,0.01246798646216299,0.03687199800841364,0.0,0.0030392156862745112,0.16897820675124725,0.16660009474597043,0.7240997749484248,0.04514100172155951,0.016596306694878472,0.042498610231430374,0.0,0.011111111111111117
71,7.199695849279579e-05,0.29147400512707,0.2899483462613003,0.48679397653303885,0.032928821396803955,0.01231518913717831,0.03880716850981116,0.0,0.005294117647058821,0.15795726605380575,0.15616256585344673,0.7443664719055205,0.044571403321525496,0.011509789360894097,0.03904897310809853,0.0,0.010555555555555561
72,7.128896457825367e-05,0.2857862396859655,0.2843713870819877,0.4897099222568932,0.02937755273568316,0.012731514725030637,0.034256931169725516,0.0,0.0025490196078431383,0.16025067881370583,0.15863782650687627,0.7417402924386474,0.0516314350003894,0.0129180908203125,0.036028469721269274,0.0,0.005000000000000001
73,7.057571793025548e-05,0.29024451182169075,0.28861847452673256,0.4950344048757824,0.029497910184285252,0.012992350260416667,0.03758159638656413,0.0,0.0057843137254901915,0.16198261519894003,0.15921788004537424,0.7340611010818852,0.04509814579117422,0.015227762858072917,0.04647679794579744,0.0,0.018888888888888865
74,6.985739453173907e-05,0.2797464950704107,0.2780836418928469,0.5030455868332825,0.02937518794457063,0.013420673445159313,0.0377716221755334,0.0,0.005588235294117643,0.1617798715312448,0.15960434837680723,0.7341822315457165,0.04412676330539398,0.016071573893229166,0.03813822895977713,0.0,0.008611111111111115
75,6.913417161825454e-05,0.29209237140329447,0.2906796970349901,0.4769331111591896,0.027019910496122013,0.01293194340724571,0.03194356417539073,0.0,0.00215686274509804,0.15005760793056752,0.14818224776536226,0.7533398192829136,0.04199578994108985,0.012403700086805556,0.038524845526788136,0.0,0.009166666666666672
76,6.840622763423395e-05,0.2800975313592775,0.2787825132044507,0.49594126126636917,0.027929978352268316,0.011183944402956496,0.03367728092433775,0.0,0.0034313725490196095,0.15360175643323196,0.1520054166412188,0.7496199137607986,0.04627051490501294,0.011417473687065973,0.03327053694795015,0.0,0.006944444444444447
77,6.76737421889629e-05,0.2907985150375787,0.2895659170533512,0.4797952421961506,0.028072686295191114,0.01077414119944853,0.03466484325883143,0.0,0.002843137254901962,0.16015167467089164,0.15870113231034744,0.7379586468793503,0.042690852821882196,0.010430399576822917,0.03322341405113952,0.0,0.006111111111111113
78,6.693689601226463e-05,0.2866445946342805,0.28505311317595783,0.4920798375930216,0.028551725173733132,0.011691523533241422,0.03827254657870999,0.0,0.007254901960784304,0.17320085677007835,0.17025168390116757,0.7150203581919694,0.04714675076344672,0.013367462158203124,0.05028638387682602,0.0,0.023611111111111072
79,6.619587090990752e-05,0.29232031288100224,0.29075323772781037,0.4776321258028647,0.028701800233387736,0.011313314998851102,0.03641443772460608,0.0,0.0074509803921568515,0.16091393455862998,0.15896675638440583,0.737025074558354,0.045087112515466286,0.014817979600694444,0.033406388689763845,0.0,0.006388888888888891
80,6.545084971874741e-05,0.28470673393092905,0.2835294118333681,0.5030873088222865,0.03018021863147927,0.010065923952588847,0.03431425317026236,0.0,0.0030392156862745112,0.15631511558054223,0.15406970914660228,0.748023207148367,0.048287737663809414,0.01775088840060764,0.03547263011827858,0.0,0.006944444444444447
81,6.470201626161524e-05,0.29269498769266933,0.29128475468240533,0.48366979519265335,0.028708268957287893,0.011936561734068627,0.035292472845564284,0.0,0.003823529411764708,0.15982700500430333,0.15694348364033633,0.7370264516170852,0.04245697645819746,0.021455891927083335,0.03876979522208583,0.0,0.010833333333333339
82,6.394955530196151e-05,0.28130938289504426,0.28023869947475544,0.4990818028403034,0.0294670272766334,0.0099151611328125,0.031595701579114094,0.0,0.0013725490196078432,0.1535780366613633,0.15206357061655984,0.7495425557936944,0.04620727059308491,0.013637457953559027,0.024289555604466134,0.0,0.0022222222222222222
83,6.319365249826868e-05,0.28677437008157664,0.2856054077837981,0.48121991129445296,0.02913345379365994,0.010683874990425857,0.033243469095916724,0.0,0.0017647058823529417,0.15897997022709912,0.15715433940705326,0.7441141727930194,0.04944245936478385,0.016220601399739583,0.027283785285221206,0.0,0.0030555555555555553
84,6.243449435824277e-05,0.28049572199290873,0.27926411989564986,0.5008284012593327,0.023917438554695657,0.011615648456648284,0.03328782828780366,0.0,0.0012745098039215687,0.1545225802498559,0.1526397966986729,0.7468533759344081,0.04351133473553798,0.01738925509982639,0.026106009526281723,0.0,0.0022222222222222222
85,6.167226819279531e-05,0.2876884865118008,0.2863154044484391,0.4853983402888485,0.0282270479531315,0.01206677006740196,0.03461896577923029,0.0,0.0029411764705882366,0.15836581035206715,0.15625544531891744,0.7391907444886859,0.042870210659263344,0.019381205240885418,0.028440006155334333,0.0,0.0027777777777777775
86,6.0907162069827175e-05,0.2873138967134497,0.28600559869014164,0.4794279280497313,0.028222693582053992,0.010491404813878677,0.03488870805366805,0.0,0.004607843137254901,0.15823132110138735,0.15599269618590672,0.7412139519673199,0.04578752391648272,0.01469879150390625,0.03950001742988307,0.0,0.010277777777777783
87,6.0139364767825674e-05,0.2727099236904406,0.27129833833405786,0.5152085061446842,0.02485478639341012,0.010190058689491422,0.038541823238426566,0.0,0.006764705882352933,0.17433235939178202,0.17235965543530055,0.7157048944445781,0.05295458193156972,0.011500210232204862,0.0399754186438391,0.0,0.0125
88,5.9369065729286285e-05,0.2836894916699213,0.2820927526180943,0.4908409663994818,0.02827414476558653,0.013660086837469363,0.037099370334808736,0.0,0.004117647058823531,0.14798395267377298,0.1462032184832626,0.7602448355022279,0.04389288684793024,0.015844896104600693,0.02891644182123451,0.0,0.0027777777777777775
89,5.859645501397051e-05,0.2876923318952322,0.2865830069590433,0.48677363269698076,0.028672973793308142,0.010987285539215687,0.02998238433444617,0.0,0.00019607843137254904,0.15542214835683504,0.15350780583297213,0.7485432660129336,0.04654174571235974,0.01815100775824653,0.026508412608462904,0.0,0.0016666666666666666
90,5.7821723252011586e-05,0.28140807821616237,0.28023884148136075,0.49242955933308064,0.025895912804602024,0.011227267396216298,0.03086274604258292,0.0,0.0008823529411764705,0.15375575846475031,0.15225229972145624,0.7473246556211627,0.044232230711107455,0.014858669704861112,0.021591439685370358,0.0,0.0002777777777777778
91,5.704506159687918e-05,0.28093921712362296,0.27979379107116487,0.49435318988627824,0.024875690231747998,0.010729531680836396,0.030678450082447014,0.0,0.0012745098039215687,0.15178596342189443,0.1504143803897831,0.7507590837811082,0.041555196491794455,0.010755666097005208,0.02360247124969545,0.0,0.004444444444444445
92,5.6266661678215264e-05,0.2875717144240351,0.28654236114200426,0.47547025321182834,0.0262018965831136,0.01007998597388174,0.028839591629437958,0.0,0.0003921568627450981,0.15210199820705586,0.14984834481858544,0.7527797268525706,0.045855398571196325,0.02029207017686632,0.029079850007676416,0.0,0.0030555555555555553
93,5.548671555455231e-05,0.27568527793183045,0.2745794031184678,0.5040173833872427,0.024717699028520192,0.010266951018688726,0.03387570020687931,0.0,0.0014705882352941178,0.15088223595586087,0.14959170596881044,0.7520588633116767,0.04433308622812749,0.008809916178385417,0.033288396193852855,0.0,0.006111111111111113
94,5.470541566592576e-05,0.2740548356125752,0.2729790463532303,0.5062705675697703,0.028104959136929692,0.010030290192248775,0.031072105357752126,0.0,0.0013725490196078432,0.15269012321821518,0.15119028640910984,0.7520442127560576,0.04600388311082497,0.01218990749782986,0.025996607593778108,0.0,0.003888888888888889
95,5.392295478639229e-05,0.27580485331880694,0.2744228359494431,0.5062752139656667,0.026352491779321367,0.012333230411305147,0.033389237723952414,0.0,0.002647058823529413,0.15279579461655682,0.15103147314447496,0.7491160552347367,0.04248836590106496,0.013927205403645834,0.03329598414970355,0.0,0.004722222222222223
96,5.313952597646572e-05,0.27530707591304593,0.27396112873273737,0.5091341931619301,0.024461064512034485,0.011905326095281863,0.03472755464597368,0.0,0.002843137254901962,0.1599600037249426,0.15868561974623138,0.7328199435869133,0.041922716865600604,0.012220085991753473,0.02657387156569813,0.0,0.0008333333333333335
97,5.235532253548217e-05,0.28351101434113934,0.28236713808979474,0.4829245283196442,0.026446671546813485,0.010495623420266545,0.03434968083165586,0.0,0.001666666666666667,0.15399684144390954,0.1515138246739904,0.7470531340091267,0.03877932288645146,0.02142401801215278,0.03290891974983323,0.0,0.005555555555555557
98,5.1570537953906453e-05,0.28266354368305674,0.28151618589957556,0.48617938138316735,0.025247021434696603,0.010313774557674632,0.03472223795731278,0.0,0.0020588235294117653,0.15143564228589337,0.14947057857902513,0.7501774683003267,0.04251692682543459,0.015963575575086805,0.03159343375138835,0.0,0.005555555555555557
99,5.0785365865591074e-05,0.2712448044223528,0.2701511475458449,0.5103615651354458,0.024671659268685343,0.010155531939338235,0.033110023434639126,0.0,0.0013725490196078432,0.15147239638285503,0.150007962828709,0.746782856850339,0.0393502955215,0.013104078504774306,0.03028523325187109,0.0,0.0022222222222222222
100,5.0000000000000036e-05,0.27691046057232455,0.2756454969336297,0.503914427876603,0.026681389762312643,0.011171109068627451,0.03593529553755241,0.0,0.002647058823529413,0.1590357107317282,0.15764289056468342,0.7384672466886829,0.04317270432560084,0.01166229248046875,0.03413561808411032,0.0,0.0036111111111111114
101,4.921463413440901e-05,0.2856233205061917,0.28441523892038006,0.4851018552058758,0.025109701031931976,0.010155980727251839,0.037066315518071255,0.0,0.0034313725490196095,0.15225934533195362,0.15049009429704813,0.750285697751846,0.04414216173463501,0.014763895670572917,0.030246322538975315,0.0,0.0041666666666666675
102,4.842946204609362e-05,0.28903102586958923,0.2877594176460715,0.48093264624645443,0.02608767901656571,0.010280294979319853,0.03689721785166173,0.0,0.004313725490196079,0.16311626516075597,0.160776637111687,0.7312344811856747,0.040721871423172865,0.01936611599392361,0.03410636921794826,0.0,0.006666666666666669
103,4.76446774645179e-05,0.27716652232350086,0.2760825970155351,0.5097785849815135,0.025290638457103984,0.009611182119332108,0.03644316488164751,0.0,0.002254901960784314,0.15386282846124635,0.15259127019801075,0.7471761949716915,0.04323634943704949,0.009754435221354166,0.029868599504051317,0.0,0.0041666666666666675
104,4.686047402353436e-05,0.27487425912244645,0.27382830331722896,0.5137086417267698,0.027500426399117216,0.009561725691253064,0.03430862654018782,0.0,0.001666666666666667,0.15121181308188372,0.14950385425860682,0.7504682215999148,0.03915922497269801,0.0140838623046875,0.026815507579805047,0.0,0.004722222222222223
105,4.6077045213607793e-05,0.26460795634809664,0.26346992110358736,0.5297076347239874,0.025874243016290824,0.010559620576746323,0.03258687294654402,0.0,0.0014705882352941178,0.14696763453798162,0.14552082071701686,0.7554647605866194,0.03970011296850215,0.01342196994357639,0.02343858762954672,0.0,0.001388888888888889
106,4.5294584334074315e-05,0.2789835085325381,0.2776896320867772,0.48924476030845365,0.02356346311309037,0.012679784438189338,0.029235860030166805,0.0,0.0004901960784313725,0.1538292921355201,0.15160431088879706,0.7516053433633513,0.04862719540186744,0.019121805826822918,0.02713180801947601,0.0,0.004444444444444445
107,4.451328444544777e-05,0.2681282583185855,0.26679000103590533,0.5264059720227042,0.027422459103599618,0.012308307722503064,0.033608791900469975,0.0,0.0019607843137254906,0.14458577311080362,0.14283372717392112,0.763109025301389,0.041478690793479066,0.016196865505642363,0.026009567166005984,0.0,0.0019444444444444444
108,4.373333832178482e-05,0.2748301993690285,0.2737143222315639,0.5130479061572041,0.026680337910632564,0.010303332758884804,0.03245875843453641,0.0,0.0015686274509803925,0.1442877123442789,0.14264856340984503,0.7604158618833817,0.0366027654944143,0.012591044108072916,0.030958112058821523,0.0,0.005000000000000001
109,4.295493840312091e-05,0.27066231177498895,0.2695803959105237,0.5152146967397864,0.025935836444506432,0.009744023341758579,0.03331711525462714,0.0,0.0018627450980392164,0.14933608332648873,0.14786755079403519,0.7547401367612233,0.040796961015116213,0.012005445692274306,0.03046794024444858,0.0,0.0041666666666666675
110,4.2178276747988494e-05,0.2738364228029169,0.27255488012132106,0.5035566291940694,0.0242268973993073,0.011832562614889706,0.03234067271993148,0.0,0.0017647058823529417,0.14852753230887983,0.14698586208331915,0.757394485468102,0.04276103993308627,0.01300014919704861,0.02861769873513064,0.0,0.0036111111111111114
111,4.1403544986029554e-05,0.27630472582783183,0.27510477426443614,0.5109048172734316,0.023753474320184584,0.011469792384727328,0.03120261109890599,0.0,0.000980392156862745,0.15183340886400806,0.14955535730760958,0.7509354276602919,0.04312578665558249,0.019748094346788196,0.029848824870552765,0.0,0.004722222222222223
112,4.063093427071381e-05,0.2756617211389775,0.27451207438374264,0.5028996705962188,0.024939284018781857,0.010305038152956495,0.034317361461181264,0.0,0.0020588235294117653,0.14922486724745895,0.14768728515547183,0.754454151211889,0.04194381725327629,0.012471347384982638,0.030543305601329646,0.0,0.0041666666666666675
113,3.986063523217442e-05,0.28345734449286086,0.28222612642920486,0.48604220770390144,0.022838579827871668,0.011217035031786152,0.03315106389277121,0.0,0.0020588235294117653,0.14451489188811845,0.14305538923169175,0.7608500057657892,0.03889301326966638,0.010030619303385417,0.03414733024518581,0.0,0.006666666666666669
114,3.9092837930172925e-05,0.27144927614021536,0.27027145678214,0.5083814239075753,0.02340755943564456,0.010945937212775736,0.03156411954767856,0.0,0.0014705882352941178,0.1489395952783525,0.14749225075874065,0.7556383261271987,0.03757270889796523,0.011849297417534722,0.028136516708228657,0.0,0.0041666666666666675
115,3.832773180720476e-05,0.2707572782521739,0.26957750207945413,0.5122101355870667,0.02348214152644134,0.010244541542202818,0.034307651501148936,0.0,0.002745098039215687,0.14256969159469007,0.1412830004779001,0.7658749650786041,0.03949155219274366,0.010588921440972222,0.02962547632956153,0.0,0.003333333333333333
116,3.7565505641757296e-05,0.2711629767409142,0.26997637833450355,0.5075012431389365,0.022341525503735978,0.00997452081418505,0.034846230919527654,0.0,0.003333333333333335,0.14801590712741017,0.14617584366351366,0.7593476234825106,0.04231206211584827,0.01538543701171875,0.03173290109746934,0.0,0.003888888888888889
117,3.680634750173139e-05,0.26527575873861126,0.26410037623900995,0.5183466289863842,0.022566396346448137,0.01067349303002451,0.03383956898697743,0.0,0.0019607843137254906,0.1433073517555992,0.14161418204506238,0.7677679014010956,0.0427551185970919,0.014912584092881945,0.02656621219810202,0.0,0.0027777777777777775
118,3.6050444698038574e-05,0.27684673892662803,0.2757046467971568,0.49603628050412807,0.026094680532488007,0.010768606148514093,0.03139483372626059,0.0,0.001176470588235294,0.1460980683979061,0.14470914316674074,0.7578291671390281,0.04089539032106081,0.011800977918836806,0.026435609917259878,0.0,0.0027777777777777775
119,3.5297983738384844e-05,0.27092399765171254,0.26984937444475354,0.5079125211979634,0.023724555267336637,0.009600979674096202,0.032675697884577165,0.0,0.0020588235294117653,0.14150846561210023,0.1402963182164563,0.7653498339191316,0.037669249350437896,0.010552300347222222,0.024475489862450357,0.0,0.0024999999999999996
120,3.454915028125268e-05,0.268600585530786,0.2675928008322622,0.512104001405626,0.02069824251306201,0.008854076909083946,0.031686139912070595,0.0,0.00215686274509804,0.14424477570379773,0.1428924492974248,0.7610804100036321,0.03791652425231102,0.010004255506727431,0.025795325454156328,0.0,0.004722222222222223
121,3.380412909009256e-05,0.2706497936929558,0.2696431986184097,0.5135665034862227,0.025184815512543805,0.009026441387101715,0.031106950600138482,0.0,0.0017647058823529417,0.14425948051114876,0.14292817471755875,0.7632321377212732,0.03847933721004261,0.011109415690104167,0.027994488320983793,0.0,0.0030555555555555553
122,3.306310398773547e-05,0.2660715960952289,0.26505913381263907,0.5173914557523762,0.023198931780843493,0.008464738434436275,0.03461607645320542,0.0,0.002843137254901962,0.15114727670119868,0.14980020131915808,0.7487084681808985,0.038205152149182846,0.009807078043619792,0.03178961878151338,0.0,0.005000000000000001
123,3.232625781103718e-05,0.2644436215726184,0.26350438317977914,0.524406762113129,0.02359658803610478,0.00856942569508272,0.03223241069810648,0.0,0.0014705882352941178,0.14787035897995035,0.1466721331804163,0.7552028129326298,0.040720992697687405,0.010494910346137153,0.026863027226338293,0.0,0.0024999999999999996
124,3.1593772365766146e-05,0.2628002649209663,0.26180102980750447,0.5327642627733963,0.024293035928416893,0.009285691205193014,0.033535056191441766,0.0,0.0012745098039215687,0.14859603918674918,0.14703980707046058,0.7533593303021551,0.0389962588229941,0.013805813259548612,0.027268952778346525,0.0,0.0027777777777777775
125,3.0865828381745554e-05,0.2621159160290571,0.26095934222799305,0.532655256050773,0.022975839883307057,0.010214652267156862,0.033247149317507066,0.0,0.0024509803921568636,0.14669846332528524,0.14521537266878617,0.7574762952617473,0.040652884096683314,0.012719896104600694,0.02810952435934774,0.0,0.0030555555555555553
126,3.0142605468260995e-05,0.2676221796987103,0.26656250902542883,0.5199074267583903,0.024716674062701893,0.009497878130744486,0.03336014121076932,0.0,0.0019607843137254906,0.14864114923402666,0.14696315871551632,0.7529161369634999,0.039791883463557394,0.011498006184895833,0.03300615564075997,0.0,0.006944444444444447
127,2.9424282069744594e-05,0.28092738538250034,0.2797460861723213,0.4965877679459971,0.024444526119409334,0.010277871524586398,0.033939964903116814,0.0,0.002745098039215687,0.14282013351718584,0.14072563346061442,0.7652628164360361,0.037872022856026887,0.017216152615017362,0.03189619449371498,0.0,0.0041666666666666675
128,2.87110354217464e-05,0.27041905820004497,0.2692762709825354,0.5077262931940923,0.020948778080748846,0.009607920927159926,0.03473198035293642,0.0,0.0032352941176470606,0.1502883494624661,0.1487678761076596,0.7532407877887637,0.0407887604934836,0.013223436143663194,0.026446376749016863,0.0,0.0030555555555555553
129,2.8003041507204272e-05,0.26610914068479163,0.26486808795701056,0.5168011325491288,0.02365088332775414,0.0096617156384038,0.03790638785371009,0.0,0.004901960784313724,0.14682310942767396,0.14513388527557253,0.7628046240822212,0.04582148875730733,0.012953016493055556,0.03291526946138927,0.0,0.005555555555555557
130,2.7300475013022693e-05,0.2638887230160774,0.2626747372249762,0.5214146359817862,0.021038148184757743,0.010666671453737744,0.03559389044621996,0.0,0.002647058823529413,0.1433833121529056,0.14186447803965874,0.7659011274403392,0.04145955432193457,0.01339051988389757,0.02944563259985039,0.0,0.0027777777777777775
131,2.660350928697137e-05,0.261294404724065,0.2602346173250208,0.5294776420981978,0.022279717387175647,0.009961505964690564,0.03391496071811108,0.0,0.001176470588235294,0.14311355298591985,0.1419175171189838,0.7647595405621217,0.04103645457782679,0.010767788357204862,0.026835675946737563,0.0,0.0016666666666666666
132,2.5912316294914256e-05,0.2590595870589217,0.2580443724369009,0.5363790952403052,0.021527172631342146,0.009094836665134803,0.03474357778608215,0.0,0.0019607843137254906,0.14196654724785024,0.14093884938499993,0.7635775032591419,0.03813536334524138,0.008917490641276041,0.031759208127424346,0.0,0.0022222222222222222
133,2.5227066578379644e-05,0.2594540241740498,0.25837975847078304,0.5243738021030586,0.021682782940343696,0.010065026376761642,0.034177415768670685,0.0,0.001176470588235294,0.1428095262394183,0.1416346652329796,0.7632497979572868,0.03880379222682677,0.00981962415907118,0.029545241520688454,0.0,0.0030555555555555553
134,2.454792921248146e-05,0.25951617557336304,0.2586260604653873,0.5333447420440458,0.021741106508381885,0.008641441195618873,0.033392199391827866,0.0,0.0004901960784313725,0.14138349094945524,0.1402686536208623,0.7657232938582126,0.038998254713240185,0.009325069851345485,0.02754202754590046,0.0,0.0027777777777777775
135,2.3875071764202583e-05,0.2705110051723964,0.26945170105307126,0.5135029651305596,0.021298851409921875,0.01016842711205576,0.03185576995031214,0.0,0.000784313725490196,0.14569348693928785,0.14434099804816974,0.7590904810503614,0.03968406558657686,0.01090240478515625,0.03358706122597949,0.0,0.003888888888888889
136,2.320866025105018e-05,0.2583994425468001,0.25746009083939536,0.5379724342051713,0.022730315202994355,0.009244073606004903,0.03180991795060097,0.0,0.00029411764705882356,0.14669309283296267,0.14507066843410332,0.7572160237391454,0.038929725428655124,0.013885328504774306,0.028691697714384644,0.0,0.003333333333333333
137,2.2548859100093427e-05,0.261373018268861,0.2603585458415396,0.5375593647817326,0.024044653141226814,0.009542338053385417,0.03010099512689254,0.0,0.0010784313725490195,0.14064881113461322,0.13933591589124666,0.7654091067647967,0.036773805445732756,0.009334309895833334,0.02940001066437819,0.0,0.005000000000000001
138,2.1895831107393487e-05,0.26567652287582555,0.2646481339618856,0.5327254679089782,0.024769452238380087,0.009646905637254902,0.0315676195656552,0.0,0.001176470588235294,0.1444202407780621,0.14314898572241266,0.7568207360011135,0.034074533846513884,0.011021592881944445,0.02792645283819487,0.0,0.0024999999999999996
139,2.1249737397836094e-05,0.2637652007168999,0.2627491245886274,0.5253781118409641,0.022020762385848987,0.009618871352251838,0.031293913754908476,0.0,0.000980392156862745,0.14426673484138317,0.14283556877118017,0.7569376914067009,0.03485759553214949,0.012879435221354167,0.02694346686799286,0.0,0.0019444444444444444
140,2.0610737385376373e-05,0.261964922000234,0.2609107140962984,0.529473246620749,0.019006432272412804,0.009897508808210784,0.03225692249834537,0.0,0.001176470588235294,0.1428291684947908,0.1411701621177296,0.7625988243388753,0.03683975623247938,0.012492879231770834,0.02929226813527445,0.0,0.00527777777777778
141,1.9978988733705828e-05,0.26347667705632893,0.2622963006370792,0.5268667940789553,0.021920898559705273,0.011237260407092525,0.033277166693233974,0.0,0.0010784313725490195,0.14371186273379458,0.14218650074261757,0.7622292625859719,0.03846814745273958,0.012009175618489583,0.02909772659703675,0.0,0.004722222222222223
142,1.935464731735119e-05,0.26737217186566664,0.26630883640518377,0.5228019024725628,0.021667440275461344,0.009988074209175858,0.03395729595247437,0.0,0.001176470588235294,0.14272370188393527,0.14123353321726123,0.7638406172233143,0.039172366600380176,0.011657545301649306,0.029578675070984495,0.0,0.005000000000000001
143,1.873786718321476e-05,0.26175058679107355,0.26080877845193823,0.5286080858263718,0.02265612576121188,0.009153597962622549,0.031520353369049584,0.0,0.0004901960784313725,0.139012071562724,0.13747905434833632,0.769568134309406,0.03690168499079947,0.011011335584852431,0.030885900805393853,0.0,0.005555555555555557
144,1.812880051256553e-05,0.26676939304041514,0.26580314705257907,0.5099390535099011,0.02025596144403429,0.009256759344362745,0.03143510662530567,0.0,0.000784313725490196,0.14252499641022748,0.1413506758502788,0.7639614556227539,0.03866932113435016,0.010767788357204862,0.024795100597354274,0.0,0.001388888888888889
145,1.752759758349084e-05,0.25877329750972633,0.2578674746202488,0.5360120441182689,0.021117796577884436,0.008840463675704657,0.031105074288287,0.0,0.0003921568627450981,0.14419588430060282,0.14286149105884963,0.7608782773251309,0.03977724245438973,0.011382887098524306,0.03015358199417177,0.0,0.0030555555555555553
146,1.693440673381743e-05,0.2507626729341699,0.24982449898094522,0.541306874580873,0.021983016610166113,0.00895388734106924,0.032341377709206996,0.0,0.000784313725490196,0.14164656652137636,0.14078943718017803,0.7649952093587826,0.04048395403725509,0.007188924153645833,0.02677190099299575,0.0,0.0019444444444444444
147,1.6349374324511345e-05,0.26707043342438397,0.26612939282375225,0.5155550434357209,0.01993460578113288,0.00914764404296875,0.03183012902188827,0.0,0.0004901960784313725,0.14802610834853516,0.1470008284681373,0.7530872587565164,0.04074869542253307,0.0071862114800347225,0.03204854932717151,0.0,0.004722222222222223
148,1.577264470356558e-05,0.2638184603230626,0.26280730104110406,0.5347741562128379,0.02154596729010604,0.009481153301164216,0.032847972781233054,0.0,0.001176470588235294,0.14515567423982753,0.14405378450949988,0.757897879560155,0.039730409456468704,0.009345584445529513,0.030097916355589404,0.0,0.0024999999999999996
149,1.52043601703843e-05,0.26511746646434653,0.26407930738493507,0.5327189742250664,0.022394196392811934,0.009940442851945466,0.033156657138583706,0.0,0.000784313725490196,0.14304384652318225,0.1419079758330352,0.7615688511931407,0.037377025926252826,0.009844801161024305,0.030045947281824838,0.0,0.0024999999999999996
150,1.4644660940672642e-05,0.2677700146010109,0.2667137636127425,0.5142791660006611,0.020178314554162653,0.009911570829503677,0.03313261682313739,0.0,0.001176470588235294,0.14432374367283451,0.14303850605049068,0.7601257501823315,0.038851396674160946,0.011046854654947917,0.029098213436858106,0.0,0.0027777777777777775
151,1.409368511184058e-05,0.2612400200583187,0.260222407751808,0.5235727285500169,0.020447682210015403,0.009691963943780637,0.03262448451463498,0.0,0.0008823529411764705,0.13793208960236775,0.1367381082019872,0.7720342181658617,0.03844034984681962,0.010555013020833334,0.025159319122839304,0.0,0.0022222222222222222
152,1.3551568628929448e-05,0.2576366128144311,0.2565897190979883,0.5316714804937346,0.022120665424473353,0.009782678940716912,0.03154576914567574,0.0,0.001176470588235294,0.14047664298365514,0.13909761355155045,0.7658464665454369,0.03624057706717091,0.012421671549479167,0.028337050400295993,0.0,0.0019444444444444444
153,1.3018445251069524e-05,0.26416240658099743,0.2631645030762051,0.5285227036562391,0.021899198099238085,0.009332604501761642,0.03171110460717304,0.0,0.001176470588235294,0.138638366613951,0.13720298838905162,0.7688981458581354,0.034982490899791524,0.013042195638020834,0.026652343553077017,0.0,0.0016666666666666666
154,1.2494446518477033e-05,0.25448704644964604,0.2536040901224695,0.5477620087381864,0.018856891837954297,0.008179309321384803,0.03267642288815741,0.0,0.001176470588235294,0.13872700428797138,0.13743248813682132,0.7672057579820318,0.03496881107954929,0.010013156467013888,0.029543641378404574,0.0,0.004444444444444445
155,1.1979701719998467e-05,0.2640253869232302,0.2630833053778784,0.5270042781603328,0.021063343771817802,0.008641770306755515,0.032171702110117266,0.0,0.0013725490196078432,0.1383310129555563,0.13715460043814448,0.7678481189780124,0.03592004715335659,0.009176890055338541,0.027662229095585644,0.0,0.0036111111111111114
156,1.1474337861210555e-05,0.2607352251953938,0.2598099465171496,0.5360582321875188,0.02217997556324596,0.00856164670458027,0.03200567913077333,0.0,0.0012745098039215687,0.14172369524215658,0.1402159511939519,0.7613525834791536,0.03349266790254559,0.012340630425347223,0.02904714674481915,0.0,0.0041666666666666675
157,1.0978479633083532e-05,0.2680030604860946,0.2670862591514985,0.5202077870582976,0.020612497735825908,0.008637671377144608,0.03290360791645214,0.0,0.0008823529411764705,0.13978763831158478,0.1386165039613843,0.7641744790843581,0.033274895371222454,0.009721544053819444,0.027012605836433876,0.0,0.0027777777777777775
158,1.0492249381215489e-05,0.25602383570855153,0.25505993766892776,0.542155913249581,0.019125582502006272,0.009171429802389705,0.030909339395150833,0.0,0.0008823529411764705,0.14020528782986932,0.13822357333782648,0.7682317266895391,0.03787683445520492,0.017042371961805556,0.028357677697204053,0.0,0.0041666666666666675
159,1.001576707564548e-05,0.26291513798721866,0.2620486063188782,0.5239083630412473,0.021018227071794637,0.008269186580882352,0.031820729270796565,0.0,0.0006862745098039215,0.13807962094951007,0.13653974327155285,0.7689006570764763,0.0348468352924101,0.013091278076171876,0.02951285561082639,0.0,0.003333333333333333
160,9.549150281252641e-06,0.2652270204296299,0.264333600328103,0.5162400729218227,0.021062170978813598,0.008190110150505515,0.03310388420507604,0.0,0.0013725490196078432,0.14064220088637538,0.13948191406412258,0.7620540440533312,0.033687929675215854,0.008826022677951389,0.027418023237745122,0.0,0.0041666666666666675
161,9.092514128748843e-06,0.25576006845370225,0.2548992537327257,0.5381075314538668,0.0205385629468747,0.008144064510569853,0.031427741425075366,0.0,0.0008823529411764705,0.13980629713171058,0.13847072679135536,0.7651097978194416,0.034406690013646664,0.010714975992838542,0.026365912212835005,0.0,0.003888888888888889
162,8.645971286271922e-06,0.2582543415400912,0.25730678492463105,0.5339916061783476,0.021031586706978453,0.009207751704197305,0.031185716819748573,0.0,0.0004901960784313725,0.14078569834431012,0.13932154078243508,0.7635569873817766,0.03198990264467688,0.012216356065538194,0.027702656250848022,0.0,0.0036111111111111114
163,8.209631931586505e-06,0.25721342757198157,0.25625098516397615,0.5372653218146018,0.019991255037301942,0.008923848470052084,0.03233301679092441,0.0,0.0012745098039215687,0.13771553580752677,0.13640699179636107,0.7685031387999254,0.033377238428349505,0.011082628038194445,0.0295975299458304,0.0,0.0030555555555555553
164,7.783603724899264e-06,0.2648304125841926,0.2638445268220761,0.535979170974462,0.019253189377892947,0.00861654842601103,0.032959659496212705,0.0,0.002254901960784314,0.14021092335590057,0.13884427101454802,0.7638692176423085,0.03422283186098664,0.011490885416666667,0.027196956794877124,0.0,0.0030555555555555553
165,7.367991782295409e-06,0.2562882763132745,0.25534892531075315,0.5459719850879757,0.01970483023703541,0.008674202713311888,0.032712756820461326,0.0,0.0012745098039215687,0.13949320432212617,0.1384100313919286,0.764529215672644,0.033652295005352544,0.008014509412977431,0.029389819470492917,0.0,0.003888888888888889
166,6.962898649802818e-06,0.2639186203406722,0.2629933038616882,0.5141044612062323,0.019148939410693216,0.008560509775199142,0.033637946150174326,0.0,0.0012745098039215687,0.13984956886205407,0.1387684753889011,0.76508976742964,0.034882663751098636,0.008800167507595486,0.028646798537940613,0.0,0.0027777777777777775
167,6.56842427809044e-06,0.25671953599826963,0.25571316886035833,0.5355380874126082,0.02155917164782295,0.00888833438648897,0.034683185724505024,0.0,0.00215686274509804,0.1400112486547894,0.13862699622081387,0.7661123133407336,0.036229819619458994,0.011508602566189236,0.028144487724380773,0.0,0.003333333333333333
168,6.184665997806826e-06,0.25623423580591587,0.25532627825205234,0.5367917477358192,0.02119954767087406,0.008744512819776349,0.03256074635165871,0.0,0.000588235294117647,0.13967978816686405,0.13788525018220146,0.7669501494239686,0.034412369159852255,0.013497077094184028,0.030836492529164792,0.0,0.0058333333333333345
169,5.8117184955653314e-06,0.26158139630421706,0.26056744984405883,0.5306009009332813,0.019673567314748654,0.00897512996897978,0.03428752343626876,0.0,0.0020588235294117653,0.13839659745701485,0.1372058822359476,0.7675482335232258,0.03490068352677756,0.008847384982638888,0.029939622084687773,0.0,0.004444444444444445
170,5.449673790581615e-06,0.2706810438165478,0.269687027089736,0.5155582058086035,0.019331466754413794,0.009283267750459559,0.03426837915298985,0.0,0.001176470588235294,0.14004732345541318,0.13884215497722227,0.7651672869955519,0.03592438291848844,0.009363386366102431,0.02986119145530716,0.0,0.0041666666666666675
171,5.098621211969227e-06,0.2650697341700103,0.2640569298181171,0.5175177135882031,0.019169717916976844,0.009360399433210785,0.03447534651221598,0.0,0.0013725490196078432,0.14440371896036797,0.14267190317105916,0.7592110613605602,0.03540078508602973,0.014223904079861112,0.028396977573477974,0.0,0.004722222222222223
172,4.758647376699036e-06,0.260614384075298,0.2595770815387368,0.5354630917294718,0.018879919648216125,0.009175468893612133,0.03526178134568766,0.0,0.00215686274509804,0.1389595788800054,0.1374875252135098,0.7682686521816435,0.036335447177730705,0.012846883138020833,0.028919366361030065,0.0,0.0027777777777777775
173,4.4298361682277505e-06,0.2651071136561679,0.26412213151799696,0.5274890431996465,0.02186203285102737,0.008878760244332108,0.03532860958400895,0.0,0.0017647058823529417,0.13940898434569438,0.13792838645685052,0.7656837815246645,0.0346674268567262,0.010242886013454862,0.03223710384012924,0.0,0.005555555555555557
174,4.1122687158009574e-06,0.25271034066875775,0.2517491998735304,0.5508689415911586,0.01768713689170017,0.008757647346047795,0.034784444277266076,0.0,0.0015686274509803925,0.14077931762569482,0.1392630975589984,0.7633417904835103,0.03478576014879056,0.01127811008029514,0.03246993132246037,0.0,0.0058333333333333345
175,3.8060233744356773e-06,0.2547642402643082,0.2537589933869301,0.5467266010942299,0.020123570875183957,0.009020248113893995,0.035201981251000186,0.0,0.0019607843137254906,0.13824941372084948,0.13682191300516328,0.7675660385891793,0.03534967475506063,0.011871846516927083,0.029536466909727704,0.0,0.0036111111111111114
176,3.5111757055874354e-06,0.26430571813355475,0.26330229501952146,0.5263812091949409,0.023090980447380515,0.0089569091796875,0.03504872992999998,0.0,0.0019607843137254906,0.1386504615863992,0.13734621347652543,0.7667668201485024,0.03409523441546804,0.010544840494791667,0.030867714297104006,0.0,0.0036111111111111114
177,3.2277984585066336e-06,0.25628170373612175,0.25519547811252813,0.5475698337220776,0.019595000433122657,0.00961001527075674,0.035126576123430446,0.0,0.002254901960784314,0.13913831185135578,0.13811062310511868,0.7645473337872261,0.03396754968044762,0.0075653076171875,0.030291292686080044,0.0,0.0041666666666666675
178,2.9559615522887294e-06,0.2621219816307227,0.26104488461917524,0.5299152239810953,0.01955927085317158,0.0092864990234375,0.03495935559564946,0.0,0.002745098039215687,0.13726822303401098,0.13620732915070322,0.7683618163936728,0.0340229723111002,0.008085717095269097,0.030854238819382672,0.0,0.003888888888888889
179,2.6957320586227373e-06,0.25640131379021147,0.25539186032233285,0.5343204159073197,0.018709348788178985,0.009041430903416053,0.03485709503293037,0.0,0.0019607843137254906,0.1383849398129516,0.1366655603568587,0.7684820944276182,0.0358904313438365,0.01210844251844618,0.03294950224743742,0.0,0.006388888888888891
180,2.4471741852423254e-06,0.25210917949238243,0.25109644406566434,0.5519287831595724,0.01965433906631969,0.009288713043811275,0.034893269480808696,0.0,0.0015686274509803925,0.13824827217807373,0.136988897042142,0.7677243943883892,0.034930574867434595,0.009475284152560763,0.03287961166869435,0.0,0.004722222222222223
181,2.2103492600834956e-06,0.26288116152818297,0.26174393101211857,0.5214418851107577,0.020259889423223463,0.0099458283069087,0.03551018094534383,0.0,0.002647058823529413,0.13889894062239264,0.13696702196159297,0.767915144442337,0.034320016120586334,0.014114549424913194,0.032654658992153904,0.0,0.006944444444444447
182,1.985315716152854e-06,0.26827256930809396,0.2671718289600868,0.5040092397505342,0.01972273343482954,0.009887216605392157,0.035310826961900674,0.0,0.0020588235294117653,0.13732399613493018,0.13608847033853333,0.7714718352632077,0.03437830350594595,0.010342068142361112,0.030072197349121175,0.0,0.0027777777777777775
183,1.7721290771101033e-06,0.2622124770765795,0.26111809778593337,0.5316065261908169,0.01865295727231533,0.00981271781173407,0.03518241431344958,0.0,0.0020588235294117653,0.1389360843743715,0.13705209596082568,0.768089977283095,0.03570629488288735,0.014724900987413194,0.03194296215143469,0.0,0.005000000000000001
184,1.5708419435684532e-06,0.25803809758348795,0.25691870599254674,0.5307564903041692,0.01786869552611903,0.009953637216605393,0.03586387847568474,0.0,0.002254901960784314,0.14116967068985103,0.1393106086490055,0.7646329410411525,0.03511815051056651,0.01488494873046875,0.03083642864237643,0.0,0.00527777777777778
185,1.3815039801161736e-06,0.264848914581771,0.26372215734685167,0.5202112062105141,0.018370043999197613,0.009726730047487746,0.035861799789263925,0.0,0.002745098039215687,0.13802506884353027,0.13693724912073876,0.7698263020192253,0.036534471489075154,0.009063720703125,0.02989805727589151,0.0,0.0024999999999999996
186,1.2041619030626351e-06,0.24953200594321184,0.2485093986652061,0.5631004918100891,0.019316020134427913,0.009447913076363357,0.03496953202959369,0.0,0.0013725490196078432,0.13781778880705436,0.1366330111088852,0.7683120876178242,0.03401506013857822,0.008550771077473958,0.03250433490352912,0.0,0.005000000000000001
187,1.0388594689117082e-06,0.25569425284424246,0.2546002571562342,0.5370439351754782,0.020413267938006446,0.009227378695618873,0.035602048123437986,0.0,0.0030392156862745112,0.13837838787585496,0.13683011940576964,0.7686633975599803,0.035627221425400216,0.012799241807725695,0.030131294006585246,0.0,0.003888888888888889
188,8.85637463565565e-07,0.2563009189113098,0.2552338180369606,0.5426887891140427,0.019196198378816844,0.009289131912530637,0.035711688555630984,0.0,0.0024509803921568636,0.139335725735873,0.13818398761666484,0.7672220150257846,0.03616513451237956,0.008460320366753472,0.0317038300809347,0.0,0.004444444444444445
189,7.445336922613074e-07,0.26148774081147186,0.2605125392257583,0.54139258536059,0.018234145254113994,0.00889722038717831,0.035837399378857195,0.0,0.0015686274509803925,0.13866989989247586,0.13680706516736083,0.7701882912925113,0.03672934616657181,0.01420559353298611,0.03390565810647483,0.0,0.006666666666666669
190,6.155829702431178e-07,0.2498902417792409,0.24880936628609313,0.5507156447604796,0.019737648496940142,0.009456200693167893,0.03585520742059339,0.0,0.0024509803921568636,0.13814367199730543,0.13685188200324774,0.7689397056938093,0.03556161039159633,0.010678270128038195,0.029131732828035536,0.0,0.0030555555555555553
191,4.988171141721238e-07,0.25041577179788377,0.24940287611794237,0.545618557461918,0.01853663304846479,0.009088134765625,0.03508053803633825,0.0,0.0018627450980392164,0.13871154472645786,0.1372996571680738,0.769069357593061,0.03633074994690509,0.012016126844618056,0.030581250398730237,0.0,0.0027777777777777775
192,3.942649342761123e-07,0.2597697371361302,0.2587071870325827,0.5280445625954643,0.019670444704203035,0.009185162712545956,0.035901964057748224,0.0,0.002647058823529413,0.13801264869463112,0.1367345858675738,0.767815209556547,0.034561832074541596,0.010088602701822916,0.031691657505386196,0.0,0.003888888888888889
193,3.0195222724102064e-07,0.2677626361522604,0.26673428118959364,0.5173834759189084,0.019443948123971853,0.008961845846737133,0.03585324754536736,0.0,0.0024509803921568636,0.1377211476262245,0.13651425001314946,0.7684774917900481,0.03407397110778321,0.009686448838975695,0.030799115054024797,0.0,0.003333333333333333
194,2.2190176984600047e-07,0.24716358001836958,0.24612686119462346,0.5477709207400675,0.019700907087327305,0.009183158126531863,0.03542351584479797,0.0,0.00215686274509804,0.13760671572138866,0.1363359128228492,0.7688344686848418,0.0347107891484888,0.00837673611111111,0.03555408312499316,0.0,0.006666666666666669
195,1.54133313343602e-07,0.2581112581579124,0.25706152457963016,0.5335028547921993,0.019437605429423046,0.009392383051853553,0.03540591340438992,0.0,0.0020588235294117653,0.13798935605833929,0.13669955626957947,0.7686845246328857,0.035142280530676036,0.008832295735677084,0.0337898807018064,0.0,0.006111111111111113
196,9.866357858642217e-08,0.2613481903777403,0.2602495381791218,0.5329575423429053,0.020800217672951798,0.009376136929381128,0.03610548256512951,0.0,0.0029411764705882366,0.13750695280937686,0.13618436343967916,0.7689208352769968,0.03433890572567988,0.010411241319444445,0.03157046939142876,0.0,0.0041666666666666675
197,5.5506251901504886e-08,0.256922652506653,0.25591644059647534,0.5371572083897428,0.017920991013098127,0.008842647776884191,0.035871765510562585,0.0,0.00215686274509804,0.1382839150312874,0.13702836292278436,0.7681596293672078,0.03399575013318099,0.010345458984375,0.02977489635037879,0.0,0.0030555555555555553
198,2.4671981713420026e-08,0.25504942499101163,0.25399943534650055,0.5415323286258421,0.017570251993353905,0.009163590973498774,0.03586500164523136,0.0,0.0024509803921568636,0.1386644966279467,0.1376470201338331,0.7667169622286867,0.03506802978679641,0.0068886650933159725,0.03186935253260243,0.0,0.005000000000000001
199,6.168375916970621e-09,0.2628144067401687,0.26169340114164,0.5270403377315361,0.019085953535435622,0.009214064654181986,0.03650066306558894,0.0,0.003627450980392159,0.13774611991312768,0.13649332668218347,0.7694971533324649,0.035938563626647616,0.010182868109809028,0.030484324631591637,0.0,0.003333333333333333
200,0.0,0.2535274878874713,0.2524913487115911,0.5480730338072031,0.01772394532822278,0.009244402717141545,0.03564513227811047,0.0,0.0019607843137254906,0.13813449304757847,0.1368113447394636,0.7679691432289423,0.03480796731439316,0.010839674207899306,0.029494663031073287,0.0,0.003333333333333333
